{"cameraMode":{"drawMode":0,"name":"Shaded","section":"Shading Mode"},"sceneLighting":true,"audioPlay":false,"sceneViewState":{"m_AlwaysRefresh":true,"showFog":true,"showSkybox":true,"showFlares":true,"showImageEffects":true,"showParticleSystems":true,"showVisualEffectGraphs":true,"m_FxEnabled":true},"in2DMode":false,"pivot":{"x":2.2129383087158205,"y":29.293962478637697,"z":-12.49185562133789},"rotation":{"x":-0.12232980877161026,"y":-0.6800129413604736,"z":0.11659527570009232,"w":-0.7134543657302856},"size":1.5389176607131959,"orthographic":false}