{"cameraMode":{"drawMode":0,"name":"Shaded","section":"Shading Mode"},"sceneLighting":false,"audioPlay":false,"sceneViewState":{"m_AlwaysRefresh":true,"showFog":true,"showSkybox":false,"showFlares":true,"showImageEffects":true,"showParticleSystems":true,"showVisualEffectGraphs":true,"m_FxEnabled":true},"in2DMode":false,"pivot":{"x":6.727809429168701,"y":39.199424743652347,"z":-21.088233947753908},"rotation":{"x":-0.10243521630764008,"y":-0.5338798761367798,"z":0.06535525619983673,"w":-0.8367815017700195},"size":0.6621774435043335,"orthographic":false}